Name,PhoneNum,Username,Email,Address,Password
Emily Soto,86913536,spiritedIcecream8,EmilySoto@gmail.com,"767 Rios Summit Suite 255
New Seanchester, MA 79836",Ofv6L&*8tS&id
Michael Ponce,87925784,adoringHeron8,MichaelPonce@yahoo.com,"7952 Dawson Plains Suite 895
South Darrell, KS 13800",1p(uAcPQL)
Michael Davis,98322225,trustingLemur8,MichaelDavis@outlook.com,"847 Brenda Rapids
West Tiffanyland, LA 20789",25LZKRF!BS
Philip Rogers,97344507,decimalDinosaur1,PhilipRogers@gmail.com,"59803 Jones Street
Chadtown, SD 89378",5JUS6OngZZCeEg
Sarah King,83170433,eagerTomatoe9,SarahKing@yahoo.com,"4492 Joshua Flat
Mitchellstad, WI 12865",Jf@m7xHi9por79P
Devin Williams,91244704,cheerfulTeal9,DevinWilliams@outlook.com,"204 Olson Rest Apt. 994
New Erinside, KY 25755",vEC9dF&H5G%z
Michael Robinson,93832946,jumpyWildfowl7,MichaelRobinson@gmail.com,"428 Sandra Gateway Suite 572
East Madisonchester, OR 77000",oQ2dL6lLUUW7*g
Clinton Murphy,83141710,cautiousGranola4,ClintonMurphy@yahoo.com,"620 Hunter Motorway
Stevensburgh, VA 28482",xAui&ofm41^sK
Stephanie Williams,85431759,similarMuesli6,StephanieWilliams@outlook.com,"94056 Rodriguez Port
New Rebeccaberg, WY 36272",*n^EhUXhre&Orqi
Shane Edwards,86875376,mercifulDoughnut4,ShaneEdwards@gmail.com,"708 Carr Burg Apt. 944
Bradleymouth, ND 94426",*0A*hA(CM(
Breanna Chavez,86297275,dreadfulPlover4,BreannaChavez@yahoo.com,"7664 Brandon Grove Apt. 349
Meltonmouth, DC 87806",4dNZH)5G##nTEj
Catherine Cherry,82705921,mereJaguar9,CatherineCherry@outlook.com,"3082 Moore Road Suite 208
East Josemouth, NM 78365",bXjh87FBBkX^m
Jerome Holmes,91240711,crushedOatmeal1,JeromeHolmes@gmail.com,"96809 Abigail Passage Apt. 868
New Jamesmouth, GA 25152",yRrTr!%bw%r
Anthony Lewis,88833200,fondLizard8,AnthonyLewis@yahoo.com,"7420 Gerald Valley
Allenhaven, SC 50768",P62zL)Lyd#27
Cathy Powell,81255069,exactingPorpoise8,CathyPowell@outlook.com,"21066 Sparks Island
Harperchester, TN 86375",Lbg31sum3
Brian Mendez,83897328,giddyGelding5,BrianMendez@gmail.com,"74703 Joseph Roads Apt. 535
Lukebury, UT 77006",Kj0Mmp)EV
Edward Harper,94907510,insecureThrushe7,EdwardHarper@yahoo.com,"05770 Clark Ports Suite 268
South Meganshire, VA 55014",#be%GtJVQ1
Victor Nguyen,84657312,cheerfulMussel5,VictorNguyen@outlook.com,"515 Amy Mission Suite 852
South Andrea, VA 97428",)VDa(POLDZtNz
David Roberts,95733215,shyPaella0,DavidRoberts@gmail.com,"62041 Gilbert Pine Suite 552
West Toddfort, HI 96157",H9R&c0Fa
Kevin Peterson,85301887,scornfulPie2,KevinPeterson@yahoo.com,"USCGC Rodriguez
FPO AP 63617",J$APQn)L9lvhOi
Scott Bryant,99974810,troubledPoultry1,ScottBryant@outlook.com,"8722 Philip Point
Fosterfurt, MN 56849",jA10OWBbM3rtUkX
Bob Farmer,99795400,troubledShads1,BobFarmer@gmail.com,"54857 King Drive Suite 297
Christopherton, MS 76482",wM(&9tHzGW0
Brandon Kelly,84151561,artisticBustard6,BrandonKelly@yahoo.com,"PSC 6124, Box 5039
APO AE 07111",#F&c!PjjUv#r%
Marcus Gibson,89003369,empathicLlama7,MarcusGibson@outlook.com,"35904 Sutton Courts Suite 343
Simsside, KY 17370",Y(Hcc&nOm0z@^
Janet Warren,99379176,jubilantBoars2,JanetWarren@gmail.com,"663 Debbie Drive Apt. 686
West Donna, ND 31238",DuCvCVrP
Robert Harmon,85925395,murkyPear4,RobertHarmon@yahoo.com,"987 Troy Crossroad
Gordonborough, RI 41096",HIn^*3AYFNEQ*9
Priscilla Montoya,91054360,mercifulRelish3,PriscillaMontoya@outlook.com,"704 Henderson Brooks
Chavezside, ME 06025",!yEMwxAtV(X(Lj
Keith Hopkins,87230756,cheerfulFlamingo3,KeithHopkins@gmail.com,"33784 Taylor Orchard
Johnsonview, WV 20539",$FKOuT#)eOHCd
Claudia Elliott,81740058,empathicPie5,ClaudiaElliott@yahoo.com,"3184 Matthew Mission
Michelleport, NC 38227",MZXMdTPoo0JzW
Lisa Baker,93051456,dopeyZebra5,LisaBaker@outlook.com,"557 Eddie Divide Apt. 679
Morgantown, IA 18076",WTuAbCJSW
Kyle Bradley,92034692,grudgingSwift9,KyleBradley@gmail.com,"7819 Dan Stravenue Apt. 168
West Alex, NE 59959",!T(A%JRq8De$7
Rebecca Wilson,81927097,wearyQuiche2,RebeccaWilson@yahoo.com,"781 Travis Divide
New Dawnside, MS 03865",AJi3R5xaKRD1
Michael Evans,84062654,jumpyCod1,MichaelEvans@outlook.com,"Unit 4469 Box 8924
DPO AA 18403",KoD1sQ*KUp
Jamie Hodges,82708329,betrayedJaguar3,JamieHodges@gmail.com,"33936 Heather Track
Hernandeztown, AK 49043",x(Wt9EDyIVrz
Jeffrey Thompson,91758783,drearySnipe3,JeffreyThompson@yahoo.com,"8456 Hester Station Suite 665
Lake Amyburgh, OH 55318",h15V&OYipj
James Payne,86003801,solemnTeal2,JamesPayne@outlook.com,"605 Tyler Branch
Sweeneyberg, MN 29850",YrEk3!Jt%
Timothy Logan,82677130,scornfulCoati3,TimothyLogan@gmail.com,"935 Andrew Circles Suite 272
West Margaretstad, OK 81664",#T5d5LOG
Thomas Mcdonald,93965769,cautiousDinosaur9,ThomasMcdonald@yahoo.com,"862 Torres Valley
Christinemouth, NH 11096",ZsmBYCrY*!9
Edward Edwards,98302833,chicThrush5,EdwardEdwards@outlook.com,"0259 Lisa Lock Apt. 504
Kochfort, LA 06562",S1KqQbAbLoKgMU0
Sara Lee,85260054,pridefulZebra4,SaraLee@gmail.com,"03697 Rivera Square Suite 796
South Jesse, MD 16736",MiDiv#7Nh
Deborah Salazar,91121989,grudgingSardines6,DeborahSalazar@yahoo.com,"05281 Thompson Via
New Renee, NE 99829",awMIXeIdknJ
Shawn Williams,88101128,artisticMeerkat5,ShawnWilliams@outlook.com,"78034 Steven Roads Suite 398
Sandovalview, IA 75407",5X(ZKUkfYHAS
Donald Prince,99716302,giddyMallard5,DonaldPrince@gmail.com,"65940 Spencer Expressway
Elizabethberg, MN 95436",3sv8GQk7LDim
Glenda Mason,82788293,kindCaribou6,GlendaMason@yahoo.com,"604 Swanson Streets
Nataliefurt, VA 72798",(Xha^Nq##4
Shannon Doyle,83054840,crummyBoa4,ShannonDoyle@outlook.com,"92680 Graham Hill
New Vanessa, MD 81226",c7Oa$mVSR4UPH
Joshua Washington,97665749,lazyCaviar0,JoshuaWashington@gmail.com,"699 Deborah Mountains
West Tiffany, CT 22472",2xoOjXmgV
Bryan Santiago,98992095,ardentBuck9,BryanSantiago@yahoo.com,"10710 Charles Plains Apt. 421
Johnbury, IN 18803",3leEIJayQVxZC
Ashley Bennett,93787154,gloomyLemur0,AshleyBennett@outlook.com,"465 Brown Springs
East Cesarburgh, MS 90921",9rWm#FUbH(
Kevin Small,95329791,giddyFalcon3,KevinSmall@gmail.com,"3109 Jerry Trafficway Apt. 807
Smithstad, NY 45412",4vG7WMvN#bl
Michael Nelson,81001024,grudgingRuffs7,MichaelNelson@yahoo.com,"10496 Jimenez Divide Suite 568
East Carlosside, KY 07346",A3cANkw#5
Heather Gonzales,92978964,fondMagpie6,HeatherGonzales@outlook.com,"80411 Gregory Mission
West Gina, SC 39471",5rcq!d@OM27
Brandy Clark,83805667,crushedCaviar2,BrandyClark@gmail.com,"92137 Kelly Forges Apt. 421
West Martinside, OR 01570",kZ2E$)EFF9V&7
Troy Ballard,93197192,outlyingOtter6,TroyBallard@yahoo.com,"3690 Anderson Course Suite 428
North Joyce, CA 94531",$76Pe@e@
Daniel Jackson,99766529,joyfulClam4,DanielJackson@outlook.com,"44649 Robert Islands Suite 966
Reevesshire, DE 58595",H*bAK1^*
Christopher Jenkins,82622432,cynicalDunbird2,ChristopherJenkins@gmail.com,"41402 Larry Ports Apt. 702
Lake Miranda, NY 43768",dIwVBKuX$#1#AI1
Christian Bullock,97018649,somberHeron6,ChristianBullock@yahoo.com,"557 Michael Gateway
Davisfort, NV 86203",DfTI%X4otS91
Roberta Thomas,81414131,solidCamel8,RobertaThomas@outlook.com,"798 Nicholas Trafficway
Lake Emilyfort, WV 65294",8dcBRPV)4h
Brittany Taylor,87321283,mercifulViper2,BrittanyTaylor@gmail.com,"1475 Bean Island
Schwartzview, MD 59845",44hiJ0SRT#Z
Anthony Hooper,91102922,ashamedChamois8,AnthonyHooper@yahoo.com,"885 Wiley Square Suite 062
West James, NJ 15224",3h4g1v1p
Joshua Marks,97858814,cockyMuesli8,JoshuaMarks@outlook.com,"448 Clark Overpass
South Cindy, AR 08692",jvBY@EEjk
Teresa Aguilar,96473652,cruelTomatoe8,TeresaAguilar@gmail.com,"70928 Alexander Way Suite 438
Adamschester, AR 36977",2J20imE0YYq
Candice Shields,99781970,ardentRice9,CandiceShields@yahoo.com,"63244 Lynn Port
South Christinaport, ND 70797",q)ukjAu6G
James Dunn,97149991,humorousLizard3,JamesDunn@outlook.com,"54539 Tiffany Court Suite 213
Kathrynhaven, CA 02007",Ij6&GnC1oZ
Allen Harris,91652868,stressedQuiche1,AllenHarris@gmail.com,"7937 Love Street
Rodneymouth, NE 13168",$6BNpXJA&(
Christopher Marquez,87614614,importedAbalone0,ChristopherMarquez@yahoo.com,"8447 Andrew Ports
Careyton, CO 85116",omxQFl2k$
Natalie Mccoy,93096333,wornoutBoa9,NatalieMccoy@outlook.com,"Unit 2700 Box 9945
DPO AA 08531",bLBK1CVnpi
Lori Walls,85516908,soreOtter7,LoriWalls@gmail.com,"1682 Barker Estate Apt. 671
Navarrostad, AL 91910",3LrC&76wza
James Oconnor,91990881,forsakenPaella8,JamesOconnor@yahoo.com,"732 Miller Springs Suite 253
Lake Ericberg, IN 04313",d^yw)8kAw!
Russell Rice,99751407,grudgingBurritos0,RussellRice@outlook.com,"PSC 0434, Box 2538
APO AP 34557",ttm*CZqQJ
Curtis Kennedy,85640930,grizzledCoconut9,CurtisKennedy@gmail.com,"6593 Joshua Island Suite 209
Lake Ashleybury, WI 69000",(9ma0eJJxoI&7
Alexandra Roberts,98569557,innocentRice3,AlexandraRoberts@yahoo.com,"007 Allen Islands Suite 054
North Davidbury, NY 44196",pjR!%Urk
Amy Baker,99763170,awedChamois6,AmyBaker@outlook.com,"3538 Newton Glens
Lake Gregorystad, SD 71974",aX5mzcczSe
Christopher Aguirre,95040279,debonairCheetah8,ChristopherAguirre@gmail.com,"53647 Wright Villages Apt. 418
Lake Markfort, IL 21725",H0rhM0%Wl2v3%Gs
Jonathan Berry,83899154,sincereOtter0,JonathanBerry@yahoo.com,"USS Strickland
FPO AA 87077",begHMBbJz
Daniel Warren,89165157,selfishRaisins8,DanielWarren@outlook.com,"10970 Micheal Road
New Jamesshire, TX 71347",**FZHTrEM
Daniel Welch,89688734,murkyStork0,DanielWelch@gmail.com,"3401 Clark Center
New Danielle, NJ 71488",vrHmCRhFh
Jerry Miles,86425978,worldlySheep9,JerryMiles@yahoo.com,"52953 Calhoun Meadows
North Gregory, DE 96615",^@tXaA^aPXWzYz
John Grant,98175481,joyfulWigeon0,JohnGrant@outlook.com,"968 Beverly Track Apt. 982
South Nicolemouth, OH 49982",!b20nFlkdt
Charles Sheppard,91210088,somberLapwing0,CharlesSheppard@gmail.com,"1476 Dylan Lodge Apt. 942
South Josephbury, IN 96621",mHhT^ooQ
Stephanie Park,82106919,dearTuna7,StephaniePark@yahoo.com,"5827 Diaz Motorway
North Alexisbury, NJ 61403",qEFB^VTHYEP
Sara Mills,93648678,madRice1,SaraMills@outlook.com,"796 Daniel Burgs
North Kevin, MN 87903",(KbfOtJAnr
Warren Cooper,82480248,amazedPudding9,WarrenCooper@gmail.com,"9296 Renee Points
North Benjaminfort, MN 93243",upjgt$A(14Eh(I
Joshua Ashley,83190460,curiousSmelt9,JoshuaAshley@yahoo.com,"011 Harris Meadows Apt. 038
Lake Madison, NV 29593",n6T9$hKv1wb)r^
Elizabeth Garcia,83783302,wrathfulHare1,ElizabethGarcia@outlook.com,"7712 Jessica Keys Apt. 007
Nortonhaven, WI 22152",#h^#nkJ)9
Bradley Blanchard,93577606,hushedMagpie6,BradleyBlanchard@gmail.com,"5369 Steven Plains
Nicoleland, NH 59697",ScCHanLZ
Gary Walker,92965213,crushedWigeon6,GaryWalker@yahoo.com,"696 Caroline Extension Apt. 195
Lake Mark, VT 55719",xnYK&OKY3^^p
Heather Hanson,89065365,decimalLard7,HeatherHanson@outlook.com,"5481 Washington Mountains
Christensenhaven, MN 75429",k7spw1Piq$
Timothy Cline,83402802,betrayedMussel6,TimothyCline@gmail.com,"6523 Jesus Plain Suite 758
Shawnside, WY 41526",8Aiu2v^mV1biy
Lisa Wright,99580779,worriedWeaver1,LisaWright@yahoo.com,"28136 Mills Dale Suite 451
New Richardfort, AL 26905",OGYv2w@B3FmX0jw
Dr. James Shepard,92374738,importedDunbird6,Dr.JamesShepard@outlook.com,"557 Jackson Manor
North Hollyfurt, AZ 73203",QpWHap1&)
Michael Tucker,82441838,crummySalt9,MichaelTucker@gmail.com,"8923 Anna Street
Lake Matthew, NM 68084",t^QdG5!V0
Philip Spence,91571956,dreadfulSeahorse2,PhilipSpence@yahoo.com,"PSC 3582, Box 8611
APO AA 61758",!WiK8xLwrsv
Abigail James,82429969,lovesickPudding8,AbigailJames@outlook.com,"799 Debra Parkway Suite 392
Lake Roger, ME 51835",CS^IVIdHL0utfw
Paige Bean,95387494,bubblyPudding1,PaigeBean@gmail.com,"6235 Willie Crossroad Apt. 140
Robertville, AZ 46291",)Avb2T@u
Anthony Powell,81213097,lazyDotterel1,AnthonyPowell@yahoo.com,"6469 Christopher Crest Suite 576
West Gary, MN 58262",wtZ&qxjg0M
Justin Sanders,92458956,curiousApricots9,JustinSanders@outlook.com,"052 Rivera Underpass
Johnsonfurt, MA 54983",mjY!ZwA&mQBU
Matthew Green,95644519,ferventOtter1,MatthewGreen@gmail.com,"PSC 8268, Box 1161
APO AA 10920",4TuUMPkzm&!3
Carrie Sims,89851724,somberBasmati1,CarrieSims@yahoo.com,"PSC 2125, Box 5346
APO AP 59736",mMXS&23d!
Theodore Martin,82906132,superiorCardinal7,TheodoreMartin@outlook.com,"347 Alexander Expressway
Cathychester, DC 31738",(NthZZ*8Tl
